{
	"textures": {
		"1": "gregtech:blocks/machine/overlay/pulverizer/front",
		"2": "gregtech:blocks/machine/overlay/pulverizer/top",
		"particle": "gregtech:blocks/machine/overlay/pulverizer/top"
	},
	"elements": [
		{
			"name": "front_1",
			"from": [2, 2, 0],
			"to": [14, 3, 1],
			"faces": {
				"north": {"uv": [2, 13, 14, 14], "texture": "#1", "tintindex": 2},
				"east": {"uv": [2, 13, 3, 14], "texture": "#1", "tintindex": 2},
				"west": {"uv": [13, 13, 14, 14], "texture": "#1", "tintindex": 2},
				"up": {"uv": [2, 13, 14, 14], "texture": "#1", "tintindex": 2},
				"down": {"uv": [2, 13, 14, 14], "texture": "#1", "tintindex": 2}
			}
		},
		{
			"name": "front_2",
			"from": [2, 11, 0],
			"to": [14, 12, 1],
			"faces": {
				"north": {"uv": [2, 4, 14, 5], "texture": "#1", "tintindex": 2},
				"east": {"uv": [2, 4, 3, 5], "texture": "#1", "tintindex": 2},
				"west": {"uv": [13, 4, 14, 5], "texture": "#1", "tintindex": 2},
				"up": {"uv": [2, 4, 14, 5], "texture": "#1", "tintindex": 2},
				"down": {"uv": [2, 4, 14, 5], "texture": "#1", "tintindex": 2}
			}
		},
		{
			"name": "front_3",
			"from": [2, 3, 0],
			"to": [3, 11, 1],
			"faces": {
				"north": {"uv": [13, 5, 14, 13], "texture": "#1", "tintindex": 2},
				"east": {"uv": [13, 5, 14, 13], "texture": "#1", "tintindex": 2},
				"west": {"uv": [13, 5, 14, 13], "texture": "#1", "tintindex": 2}
			}
		},
		{
			"name": "front_4",
			"from": [13, 3, 0],
			"to": [14, 11, 1],
			"faces": {
				"north": {"uv": [2, 5, 3, 13], "texture": "#1", "tintindex": 2},
				"east": {"uv": [2, 5, 3, 13], "texture": "#1", "tintindex": 2},
				"west": {"uv": [2, 5, 3, 13], "texture": "#1", "tintindex": 2}
			}
		},
		{
			"name": "front_5",
			"from": [3, 3, 0.49],
			"to": [13, 11, 0.99],
			"faces": {
				"north": {"uv": [3, 5, 13, 13], "texture": "#1", "tintindex": 2}
			}
		},
		{
			"name": "top_1",
			"from": [3, 15, 6],
			"to": [13, 16, 10],
			"faces": {
				"north": {"uv": [3, 6, 13, 7], "texture": "#2", "tintindex": 0},
				"east": {"uv": [12, 6, 13, 10], "texture": "#2", "tintindex": 0},
				"south": {"uv": [3, 9, 13, 10], "texture": "#2", "tintindex": 0},
				"west": {"uv": [3, 6, 4, 10], "texture": "#2", "tintindex": 0},
				"up": {"uv": [3, 6, 13, 10], "texture": "#2", "tintindex": 0}
			}
		},
		{
			"name": "top_2",
			"from": [4, 15, 5],
			"to": [12, 16, 6],
			"faces": {
				"north": {"uv": [4, 5, 12, 6], "texture": "#2", "tintindex": 0},
				"east": {"uv": [11, 5, 12, 6], "texture": "#2", "tintindex": 0},
				"west": {"uv": [4, 5, 5, 6], "texture": "#2", "tintindex": 0},
				"up": {"uv": [4, 5, 12, 6], "texture": "#2", "tintindex": 0}
			}
		},
		{
			"name": "top_3",
			"from": [4, 15, 10],
			"to": [12, 16, 11],
			"faces": {
				"east": {"uv": [11, 10, 12, 11], "texture": "#2", "tintindex": 0},
				"south": {"uv": [4, 10, 12, 11], "texture": "#2", "tintindex": 0},
				"west": {"uv": [4, 10, 5, 11], "texture": "#2", "tintindex": 0},
				"up": {"uv": [4, 10, 12, 11], "texture": "#2", "tintindex": 0}
			}
		},
		{
			"name": "top_3",
			"from": [5, 15, 4],
			"to": [11, 16, 5],
			"faces": {
				"north": {"uv": [5, 4, 11, 5], "texture": "#2", "tintindex": 0},
				"east": {"uv": [10, 4, 11, 5], "texture": "#2", "tintindex": 0},
				"west": {"uv": [5, 4, 6, 5], "texture": "#2", "tintindex": 0},
				"up": {"uv": [5, 4, 11, 5], "texture": "#2", "tintindex": 0}
			}
		},
		{
			"name": "top_4",
			"from": [5, 15, 11],
			"to": [11, 16, 12],
			"faces": {
				"east": {"uv": [10, 11, 11, 12], "texture": "#2", "tintindex": 0},
				"south": {"uv": [5, 11, 11, 12], "texture": "#2", "tintindex": 0},
				"west": {"uv": [5, 11, 6, 12], "texture": "#2", "tintindex": 0},
				"up": {"uv": [5, 11, 11, 12], "texture": "#2", "tintindex": 0}
			}
		},
		{
			"name": "top_5",
			"from": [6, 15, 12],
			"to": [10, 16, 13],
			"faces": {
				"east": {"uv": [9, 12, 10, 13], "texture": "#2", "tintindex": 0},
				"south": {"uv": [12, 6, 13, 10], "texture": "#2", "tintindex": 0},
				"west": {"uv": [6, 12, 7, 13], "texture": "#2", "tintindex": 0},
				"up": {"uv": [6, 12, 10, 13], "texture": "#2", "tintindex": 0}
			}
		},
		{
			"name": "top_6",
			"from": [6, 15, 3],
			"to": [10, 16, 4],
			"faces": {
				"north": {"uv": [6, 3, 10, 4], "texture": "#2", "tintindex": 0},
				"east": {"uv": [9, 3, 10, 4], "texture": "#2", "tintindex": 0},
				"west": {"uv": [6, 3, 7, 4], "texture": "#2", "tintindex": 0},
				"up": {"uv": [6, 3, 10, 4], "texture": "#2", "tintindex": 0}
			}
		}
	]
}