{
	"textures": {
		"1": "blocks/machine/overlay/alloy_smelter/front",
		"2": "gregtech:blocks/machine/overlay/alloy_smelter/side",
		"particle": "gregtech:blocks/machine/overlay/alloy_smelter/side"
	},
	"elements": [
		{
			"name": "front_1",
			"from": [2, 1, 0],
			"to": [14, 7, 1],
			"faces": {
				"north": {"uv": [2, 9, 14, 15], "texture": "#1"},
				"east": {"uv": [2, 9, 3, 15], "texture": "#1"},
				"south": {"uv": [0, 0, 12, 6], "texture": "#missing"},
				"west": {"uv": [13, 9, 14, 15], "texture": "#1"},
				"up": {"uv": [2, 9, 14, 10], "texture": "#1"},
				"down": {"uv": [2, 14, 14, 15], "texture": "#1"}
			}
		},
		{
			"name": "front_2",
			"from": [2, 8, 0],
			"to": [14, 12, 1],
			"faces": {
				"north": {"uv": [2, 4, 14, 8], "texture": "#1"},
				"east": {"uv": [2, 4, 3, 8], "texture": "#1"},
				"south": {"uv": [0, 0, 12, 4], "texture": "#missing"},
				"west": {"uv": [13, 4, 14, 8], "texture": "#1"},
				"up": {"uv": [2, 4, 7, 5], "texture": "#1"},
				"down": {"uv": [2, 7, 14, 8], "texture": "#1"}
			}
		},
		{
			"name": "front_3",
			"from": [2, 12, 0],
			"to": [9, 13, 1],
			"faces": {
				"north": {"uv": [7, 3, 14, 4], "texture": "#1"},
				"east": {"uv": [7, 3, 8, 4], "texture": "#1"},
				"south": {"uv": [0, 0, 7, 1], "texture": "#missing"},
				"west": {"uv": [13, 3, 14, 4], "texture": "#1"},
				"up": {"uv": [7, 3, 9, 4], "texture": "#1"},
				"down": {"uv": [0, 0, 7, 1], "texture": "#missing"}
			}
		},
		{
			"name": "front_4",
			"from": [3, 13, 0],
			"to": [8, 14, 1],
			"faces": {
				"north": {"uv": [8, 2, 13, 3], "texture": "#1"},
				"east": {"uv": [8, 2, 9, 3], "texture": "#1"},
				"south": {"uv": [0, 0, 5, 1], "texture": "#missing"},
				"west": {"uv": [12, 2, 13, 3], "texture": "#1"},
				"up": {"uv": [8, 2, 13, 3], "texture": "#1"},
				"down": {"uv": [0, 0, 5, 1], "texture": "#missing"}
			}
		},
		{
			"name": "east_1",
			"from": [14, 1, 9],
			"to": [15, 13, 10],
			"faces": {
				"north": {"uv": [6, 2, 7, 14], "texture": "#2"},
				"east": {"uv": [6, 2, 7, 14], "texture": "#2"},
				"south": {"uv": [6, 2, 7, 14], "texture": "#2"},
				"west": {"uv": [0, 0, 1, 12], "texture": "#missing"},
				"up": {"uv": [6, 2, 7, 3], "texture": "#2"},
				"down": {"uv": [6, 13, 7, 14], "texture": "#2"}
			}
		},
		{
			"name": "east_2",
			"from": [14, 1, 6],
			"to": [15, 13, 7],
			"faces": {
				"north": {"uv": [9, 2, 10, 14], "texture": "#2"},
				"east": {"uv": [9, 2, 10, 14], "texture": "#2"},
				"south": {"uv": [9, 2, 10, 14], "texture": "#2"},
				"west": {"uv": [0, 0, 1, 12], "texture": "#missing"},
				"up": {"uv": [9, 2, 10, 3], "texture": "#2"},
				"down": {"uv": [9, 13, 10, 14], "texture": "#2"}
			}
		},
		{
			"name": "east_3",
			"from": [14, 1, 7],
			"to": [15, 2, 9],
			"faces": {
				"north": {"uv": [0, 0, 1, 1], "texture": "#missing"},
				"east": {"uv": [7, 13, 9, 14], "texture": "#2"},
				"south": {"uv": [0, 0, 1, 1], "texture": "#missing"},
				"west": {"uv": [0, 0, 2, 1], "texture": "#missing"},
				"up": {"uv": [7, 13, 9, 14], "texture": "#2"},
				"down": {"uv": [7, 13, 9, 14], "texture": "#2"}
			}
		},
		{
			"name": "east_4",
			"from": [14, 12, 7],
			"to": [15, 13, 9],
			"faces": {
				"north": {"uv": [0, 0, 1, 1], "texture": "#missing"},
				"east": {"uv": [7, 2, 9, 3], "texture": "#2"},
				"south": {"uv": [0, 0, 1, 1], "texture": "#missing"},
				"west": {"uv": [0, 0, 2, 1], "texture": "#missing"},
				"up": {"uv": [7, 2, 9, 3], "texture": "#2"},
				"down": {"uv": [7, 2, 9, 3], "texture": "#2"}
			}
		},
		{
			"name": "east_5",
			"from": [14, 2, 7],
			"to": [14.5, 12, 9],
			"faces": {
				"north": {"uv": [0, 0, 0.5, 10], "texture": "#missing"},
				"east": {"uv": [7, 3, 9, 13], "texture": "#2"},
				"south": {"uv": [0, 0, 0.5, 10], "texture": "#missing"},
				"west": {"uv": [0, 0, 2, 10], "texture": "#missing"},
				"up": {"uv": [0, 0, 0.5, 2], "texture": "#missing"},
				"down": {"uv": [0, 0, 0.5, 2], "texture": "#missing"}
			}
		},
		{
			"name": "west_1",
			"from": [1, 12, 7],
			"to": [2, 13, 9],
			"faces": {
				"north": {"uv": [0, 0, 1, 1], "texture": "#missing"},
				"east": {"uv": [0, 0, 2, 1], "texture": "#missing"},
				"south": {"uv": [0, 0, 1, 1], "texture": "#missing"},
				"west": {"uv": [7, 2, 9, 3], "texture": "#2"},
				"up": {"uv": [7, 2, 9, 3], "rotation": 180, "texture": "#2"},
				"down": {"uv": [7, 2, 9, 3], "rotation": 180, "texture": "#2"}
			}
		},
		{
			"name": "west_2",
			"from": [1, 1, 7],
			"to": [2, 2, 9],
			"faces": {
				"north": {"uv": [0, 0, 1, 1], "texture": "#missing"},
				"east": {"uv": [0, 0, 2, 1], "texture": "#missing"},
				"south": {"uv": [0, 0, 1, 1], "texture": "#missing"},
				"west": {"uv": [7, 13, 9, 14], "texture": "#2"},
				"up": {"uv": [7, 13, 9, 14], "rotation": 180, "texture": "#2"},
				"down": {"uv": [7, 13, 9, 14], "rotation": 180, "texture": "#2"}
			}
		},
		{
			"name": "west_3",
			"from": [1, 1, 9],
			"to": [2, 13, 10],
			"faces": {
				"north": {"uv": [9, 2, 10, 14], "texture": "#2"},
				"east": {"uv": [0, 0, 1, 12], "texture": "#missing"},
				"south": {"uv": [9, 2, 10, 14], "texture": "#2"},
				"west": {"uv": [9, 2, 10, 14], "texture": "#2"},
				"up": {"uv": [9, 2, 10, 3], "rotation": 180, "texture": "#2"},
				"down": {"uv": [9, 13, 10, 14], "rotation": 180, "texture": "#2"}
			}
		},
		{
			"name": "west_4",
			"from": [1, 1, 6],
			"to": [2, 13, 7],
			"faces": {
				"north": {"uv": [6, 2, 7, 14], "texture": "#2"},
				"east": {"uv": [0, 0, 1, 12], "texture": "#missing"},
				"south": {"uv": [6, 2, 7, 14], "texture": "#2"},
				"west": {"uv": [6, 2, 7, 14], "texture": "#2"},
				"up": {"uv": [6, 2, 7, 3], "rotation": 180, "texture": "#2"},
				"down": {"uv": [6, 13, 7, 14], "rotation": 180, "texture": "#2"}
			}
		},
		{
			"name": "west_5",
			"from": [1.5, 2, 7],
			"to": [2, 12, 9],
			"faces": {
				"north": {"uv": [0, 0, 0.5, 10], "texture": "#missing"},
				"east": {"uv": [0, 0, 2, 10], "texture": "#missing"},
				"south": {"uv": [0, 0, 0.5, 10], "texture": "#missing"},
				"west": {"uv": [7, 3, 9, 13], "texture": "#2"},
				"up": {"uv": [0, 0, 0.5, 2], "rotation": 180, "texture": "#missing"},
				"down": {"uv": [0, 0, 0.5, 2], "rotation": 180, "texture": "#missing"}
			}
		}
	]
}