{
	"textures": {
		"1": "blocks/machine/overlay/alloy_smelter/front",
		"particle": "gregtech:blocks/machine/overlay/alloy_smelter/front"
	},
	"elements": [
		{
			"name": "front_1",
			"from": [2, 1, 0],
			"to": [14, 7, 1],
			"faces": {
				"north": {"uv": [2, 9, 14, 15], "texture": "#1"},
				"east": {"uv": [2, 9, 3, 15], "texture": "#1"},
				"west": {"uv": [13, 9, 14, 15], "texture": "#1"},
				"up": {"uv": [2, 9, 14, 10], "texture": "#1"},
				"down": {"uv": [2, 14, 14, 15], "texture": "#1"}
			}
		},
		{
			"name": "front_2",
			"from": [2, 8, 0],
			"to": [14, 12, 1],
			"faces": {
				"north": {"uv": [2, 4, 14, 8], "texture": "#1"},
				"east": {"uv": [2, 4, 3, 8], "texture": "#1"},
				"west": {"uv": [13, 4, 14, 8], "texture": "#1"},
				"up": {"uv": [2, 4, 7, 5], "texture": "#1"},
				"down": {"uv": [2, 7, 14, 8], "texture": "#1"}
			}
		},
		{
			"name": "front_3",
			"from": [2, 12, 0],
			"to": [9, 13, 1],
			"faces": {
				"north": {"uv": [7, 3, 14, 4], "texture": "#1"},
				"east": {"uv": [7, 3, 8, 4], "texture": "#1"},
				"west": {"uv": [13, 3, 14, 4], "texture": "#1"},
				"up": {"uv": [7, 3, 9, 4], "texture": "#1"}
			}
		},
		{
			"name": "front_4",
			"from": [3, 13, 0],
			"to": [8, 14, 1],
			"faces": {
				"north": {"uv": [8, 2, 13, 3], "texture": "#1"},
				"east": {"uv": [8, 2, 9, 3], "texture": "#1"},
				"west": {"uv": [12, 2, 13, 3], "texture": "#1"},
				"up": {"uv": [8, 2, 13, 3], "texture": "#1"}
			}
		}
	]
}