{
	"textures": {
		"0": "gregtech:blocks/machine/overlay/replicator"
	},
	"elements": [
		{
			"from": [3, 4, 0.5],
			"to": [13, 11, 1],
			"faces": {
				"north": {"uv": [3, 5, 13, 12], "texture": "#0"},
				"east": {"uv": [0, 1, 1, 15], "texture": "#missing"},
				"south": {"uv": [0, 0, 16, 15], "texture": "#missing"},
				"west": {"uv": [0, 1, 1, 15], "texture": "#missing"},
				"up": {"uv": [1, 0, 15, 1], "texture": "#missing"},
				"down": {"uv": [1, 0, 15, 1], "texture": "#missing"}
			}
		},
		{
			"from": [2, 3, 0],
			"to": [3, 12, 1],
			"faces": {
				"north": {"uv": [14, 4, 13, 13], "texture": "#0"},
				"east": {"uv": [13, 4, 14, 13], "texture": "#0"},
				"south": {"uv": [0, 0, 1, 9], "texture": "#missing"},
				"west": {"uv": [13, 4, 14, 13], "texture": "#0"},
				"up": {"uv": [13, 4, 14, 5], "texture": "#0"},
				"down": {"uv": [13, 12, 14, 13], "texture": "#0"}
			}
		},
		{
			"from": [13, 3, 0],
			"to": [14, 12, 1],
			"faces": {
				"north": {"uv": [3, 4, 2, 13], "texture": "#0"},
				"east": {"uv": [2, 4, 3, 13], "texture": "#0"},
				"south": {"uv": [0, 0, 1, 9], "texture": "#missing"},
				"west": {"uv": [2, 5, 3, 13], "texture": "#0"},
				"up": {"uv": [2, 4, 3, 5], "texture": "#0"},
				"down": {"uv": [2, 12, 3, 13], "texture": "#0"}
			}
		},
		{
			"from": [3, 11, 0],
			"to": [13, 12, 1],
			"faces": {
				"north": {"uv": [2, 4, 13, 5], "texture": "#0"},
				"east": {"uv": [0, 0, 1, 1], "texture": "#missing"},
				"south": {"uv": [0, 0, 10, 1], "texture": "#missing"},
				"west": {"uv": [0, 0, 1, 1], "texture": "#missing"},
				"up": {"uv": [3, 4, 13, 5], "texture": "#0"},
				"down": {"uv": [3, 4, 13, 5], "texture": "#0"}
			}
		},
		{
			"from": [3, 3, 0],
			"to": [13, 4, 1],
			"faces": {
				"north": {"uv": [3, 12, 13, 13], "texture": "#0"},
				"east": {"uv": [0, 4, 1, 5], "texture": "#missing"},
				"south": {"uv": [0, 0, 10, 1], "texture": "#missing"},
				"west": {"uv": [0, 0, 1, 1], "texture": "#missing"},
				"up": {"uv": [3, 12, 13, 13], "texture": "#0"},
				"down": {"uv": [3, 12, 13, 13], "texture": "#0"}
			}
		}
	]
}